"SampleId","Area","Group","Side","Wing"
"KO-F-D-10N",0.188178025034771,"KO-F","Dorsal","FR"
"KO-F-D-10R",0.169401947148818,"KO-F","Dorsal","FR"
"KO-F-D-11P",0.19095966620306,"KO-F","Dorsal","FR"
"KO-F-D-13N",0.147844228094576,"KO-F","Dorsal","FR"
"KO-F-D-14J",0.134770514603616,"KO-F","Dorsal","FR"
"KO-F-D-14N",0.167037552155772,"KO-F","Dorsal","FR"
"KO-F-D-15K",0.207371349095967,"KO-F","Dorsal","FR"
"KO-F-D-17N",0.159666203059805,"KO-F","Dorsal","FR"
"KO-F-D-18P",0.196801112656467,"KO-F","Dorsal","FR"
"KO-F-D-20213G",0.221001390820584,"KO-F","Dorsal","FR"
"KO-F-D-20214E",0.176147426981919,"KO-F","Dorsal","FR"
"KO-F-D-20219E",0.192141863699583,"KO-F","Dorsal","FR"
"KO-F-D-2J",0.171627260083449,"KO-F","Dorsal","FR"
"KO-F-D-2L",0.242489568845619,"KO-F","Dorsal","FR"
"KO-F-D-2N",0.172878998609179,"KO-F","Dorsal","FR"
"KO-F-D-31J",0.166759388038943,"KO-F","Dorsal","FR"
"KO-F-D-4H",0.168428372739917,"KO-F","Dorsal","FR"
"KO-F-D-4J",0.161126564673157,"KO-F","Dorsal","FR"
"KO-F-D-6C",0.124061196105702,"KO-F","Dorsal","FR"
"KO-F-D-6N",0.133518776077886,"KO-F","Dorsal","FR"
"KO-F-D-7A",0.186300417246175,"KO-F","Dorsal","FR"
"KO-F-D-7J",0.195132127955494,"KO-F","Dorsal","FR"
"KO-F-D-7R",0.210848400556328,"KO-F","Dorsal","FR"
"KO-F-D-8N",0.181780250347705,"KO-F","Dorsal","FR"
"KO-F-D-9N",0.147566063977747,"KO-F","Dorsal","FR"
"KO-F-D-9P",0.199513212795549,"KO-F","Dorsal","FR"
"KO-F-D-10N",0.177731063945209,"KO-F","Dorsal","FL"
"KO-F-D-10R",0.169186953278633,"KO-F","Dorsal","FL"
"KO-F-D-11P",0.187767003458331,"KO-F","Dorsal","FL"
"KO-F-D-13N",0.152505594358175,"KO-F","Dorsal","FL"
"KO-F-D-14J",0.134603648199634,"KO-F","Dorsal","FL"
"KO-F-D-14N",0.16593205397708,"KO-F","Dorsal","FL"
"KO-F-D-15K",0.198209805384146,"KO-F","Dorsal","FL"
"KO-F-D-17N",0.142808706855632,"KO-F","Dorsal","FL"
"KO-F-D-18P",0.201057842273005,"KO-F","Dorsal","FL"
"KO-F-D-20213G",0.21841730521462,"KO-F","Dorsal","FL"
"KO-F-D-20214E",0.177663253543094,"KO-F","Dorsal","FL"
"KO-F-D-20219E",0.189055401098529,"KO-F","Dorsal","FL"
"KO-F-D-2J",0.178273547162135,"KO-F","Dorsal","FL"
"KO-F-D-2L",0.222621550145792,"KO-F","Dorsal","FL"
"KO-F-D-2N",0.1737980606225,"KO-F","Dorsal","FL"
"KO-F-D-31J",0.17488302705635,"KO-F","Dorsal","FL"
"KO-F-D-4H",0.155014579236455,"KO-F","Dorsal","FL"
"KO-F-D-4J",0.163626500305147,"KO-F","Dorsal","FL"
"KO-F-D-6C",0.116566081236862,"KO-F","Dorsal","FL"
"KO-F-D-6N",0.137926357903302,"KO-F","Dorsal","FL"
"KO-F-D-7A",0.185664880992744,"KO-F","Dorsal","FL"
"KO-F-D-7J",0.196582355733369,"KO-F","Dorsal","FL"
"KO-F-D-7R",0.196378924527022,"KO-F","Dorsal","FL"
"KO-F-D-8N",0.171831558961145,"KO-F","Dorsal","FL"
"KO-F-D-9N",0.165050518749576,"KO-F","Dorsal","FL"
"KO-F-D-9P",0.192852783617007,"KO-F","Dorsal","FL"
"KO-F-D-10N",0.115371369532775,"KO-F","Dorsal","HR"
"KO-F-D-10R",0.116347147285042,"KO-F","Dorsal","HR"
"KO-F-D-11P",0.117322925037309,"KO-F","Dorsal","HR"
"KO-F-D-13N",0.130524624038572,"KO-F","Dorsal","HR"
"KO-F-D-14J",0.130639421421192,"KO-F","Dorsal","HR"
"KO-F-D-14N",0.136608885317415,"KO-F","Dorsal","HR"
"KO-F-D-15K",0.124669957524968,"KO-F","Dorsal","HR"
"KO-F-D-17N",0.10986109516703,"KO-F","Dorsal","HR"
"KO-F-D-18P",0.12409597061187,"KO-F","Dorsal","HR"
"KO-F-D-20213G",0.110951670301917,"KO-F","Dorsal","HR"
"KO-F-D-20214E",0.123464585007462,"KO-F","Dorsal","HR"
"KO-F-D-20219E",0.122890598094363,"KO-F","Dorsal","HR"
"KO-F-D-2J",0.104465618183905,"KO-F","Dorsal","HR"
"KO-F-D-2L",0.137871656526231,"KO-F","Dorsal","HR"
"KO-F-D-2N",0.101997474457582,"KO-F","Dorsal","HR"
"KO-F-D-31J",0.125358741820686,"KO-F","Dorsal","HR"
"KO-F-D-4H",0.121972219033406,"KO-F","Dorsal","HR"
"KO-F-D-4J",0.106933761910228,"KO-F","Dorsal","HR"
"KO-F-D-6C",0.108885317414763,"KO-F","Dorsal","HR"
"KO-F-D-6N",0.0955688210308805,"KO-F","Dorsal","HR"
"KO-F-D-7A",0.124325565377109,"KO-F","Dorsal","HR"
"KO-F-D-7J",0.133050166456205,"KO-F","Dorsal","HR"
"KO-F-D-7R",0.116576742050281,"KO-F","Dorsal","HR"
"KO-F-D-8N",0.117724715876478,"KO-F","Dorsal","HR"
"KO-F-D-9N",0.119618872689703,"KO-F","Dorsal","HR"
"KO-F-D-9P",0.119044885776604,"KO-F","Dorsal","HR"
"KO-F-D-10N",0.120255739610578,"KO-F","Dorsal","HL"
"KO-F-D-10R",0.120139494333043,"KO-F","Dorsal","HL"
"KO-F-D-11P",0.115780296425458,"KO-F","Dorsal","HL"
"KO-F-D-13N",0.126242371403662,"KO-F","Dorsal","HL"
"KO-F-D-14J",0.128451031676838,"KO-F","Dorsal","HL"
"KO-F-D-14N",0.126009880848591,"KO-F","Dorsal","HL"
"KO-F-D-15K",0.12920662598082,"KO-F","Dorsal","HL"
"KO-F-D-17N",0.110665504213891,"KO-F","Dorsal","HL"
"KO-F-D-18P",0.120953211275792,"KO-F","Dorsal","HL"
"KO-F-D-20213G",0.127637314734089,"KO-F","Dorsal","HL"
"KO-F-D-20214E",0.11333914559721,"KO-F","Dorsal","HL"
"KO-F-D-20219E",0.116652136006975,"KO-F","Dorsal","HL"
"KO-F-D-2J",0.104853240337111,"KO-F","Dorsal","HL"
"KO-F-D-2L",0.148270851496658,"KO-F","Dorsal","HL"
"KO-F-D-2N",0.105666957279861,"KO-F","Dorsal","HL"
"KO-F-D-31J",0.126126126126126,"KO-F","Dorsal","HL"
"KO-F-D-4H",0.124091833769253,"KO-F","Dorsal","HL"
"KO-F-D-4J",0.110723626852659,"KO-F","Dorsal","HL"
"KO-F-D-6C",0.114966579482709,"KO-F","Dorsal","HL"
"KO-F-D-6N",0.0963673350770125,"KO-F","Dorsal","HL"
"KO-F-D-7A",0.118163324614938,"KO-F","Dorsal","HL"
"KO-F-D-7J",0.137169427492008,"KO-F","Dorsal","HL"
"KO-F-D-7R",0.117058994478349,"KO-F","Dorsal","HL"
"KO-F-D-8N",0.122522522522523,"KO-F","Dorsal","HL"
"KO-F-D-9N",0.11862830572508,"KO-F","Dorsal","HL"
"KO-F-D-9P",0.13420517291485,"KO-F","Dorsal","HL"
"KO-F-V-10N",0.163643692059653,"KO-F","Ventral","FR"
"KO-F-V-10R",0.150006717721349,"KO-F","Ventral","FR"
"KO-F-V-11P",0.167607147655515,"KO-F","Ventral","FR"
"KO-F-V-13N",0.15323122396883,"KO-F","Ventral","FR"
"KO-F-V-14J",0.123337363966143,"KO-F","Ventral","FR"
"KO-F-V-14N",0.151081553137176,"KO-F","Ventral","FR"
"KO-F-V-15K",0.196493349455865,"KO-F","Ventral","FR"
"KO-F-V-17N",0.122934300685208,"KO-F","Ventral","FR"
"KO-F-V-18P",0.203882842939675,"KO-F","Ventral","FR"
"KO-F-V-20213G",0.171772134891845,"KO-F","Ventral","FR"
"KO-F-V-20214E",0.167002552734113,"KO-F","Ventral","FR"
"KO-F-V-20219E",0.148528819024587,"KO-F","Ventral","FR"
"KO-F-V-2J",0.138452237001209,"KO-F","Ventral","FR"
"KO-F-V-2L",0.192194007792557,"KO-F","Ventral","FR"
"KO-F-V-2N",0.140131667338439,"KO-F","Ventral","FR"
"KO-F-V-31J",0.150275426575306,"KO-F","Ventral","FR"
"KO-F-V-4H",0.15813516055354,"KO-F","Ventral","FR"
"KO-F-V-4J",0.130055085315061,"KO-F","Ventral","FR"
"KO-F-V-6C",0.129517667607148,"KO-F","Ventral","FR"
"KO-F-V-6N",0.111043933897622,"KO-F","Ventral","FR"
"KO-F-V-7A",0.163979578127099,"KO-F","Ventral","FR"
"KO-F-V-7J",0.187155716780868,"KO-F","Ventral","FR"
"KO-F-V-7R",0.192865779927449,"KO-F","Ventral","FR"
"KO-F-V-8N",0.135966680102109,"KO-F","Ventral","FR"
"KO-F-V-9N",0.139795781270993,"KO-F","Ventral","FR"
"KO-F-V-9P",0.174526400644901,"KO-F","Ventral","FR"
"KO-F-V-10N",0.141195454851072,"KO-F","Ventral","FL"
"KO-F-V-10R",0.137363006790829,"KO-F","Ventral","FL"
"KO-F-V-11P",0.143615948362805,"KO-F","Ventral","FL"
"KO-F-V-13N",0.123243461305722,"KO-F","Ventral","FL"
"KO-F-V-14J",0.0976265716398843,"KO-F","Ventral","FL"
"KO-F-V-14N",0.117461171249916,"KO-F","Ventral","FL"
"KO-F-V-15K",0.165803805553688,"KO-F","Ventral","FL"
"KO-F-V-17N",0.0966852686075439,"KO-F","Ventral","FL"
"KO-F-V-18P",0.168493242788946,"KO-F","Ventral","FL"
"KO-F-V-20213G",0.152020439722988,"KO-F","Ventral","FL"
"KO-F-V-20214E",0.135682108518792,"KO-F","Ventral","FL"
"KO-F-V-20219E",0.124050292476299,"KO-F","Ventral","FL"
"KO-F-V-2J",0.104888052175082,"KO-F","Ventral","FL"
"KO-F-V-2L",0.156458011161165,"KO-F","Ventral","FL"
"KO-F-V-2N",0.111813353055873,"KO-F","Ventral","FL"
"KO-F-V-31J",0.128084448329187,"KO-F","Ventral","FL"
"KO-F-V-4H",0.129698110670342,"KO-F","Ventral","FL"
"KO-F-V-4J",0.115981980770524,"KO-F","Ventral","FL"
"KO-F-V-6C",0.087272238284139,"KO-F","Ventral","FL"
"KO-F-V-6N",0.109325623613259,"KO-F","Ventral","FL"
"KO-F-V-7A",0.131311773011497,"KO-F","Ventral","FL"
"KO-F-V-7J",0.154978820681772,"KO-F","Ventral","FL"
"KO-F-V-7R",0.16224030121697,"KO-F","Ventral","FL"
"KO-F-V-8N",0.106232770792712,"KO-F","Ventral","FL"
"KO-F-V-9N",0.11490620587642,"KO-F","Ventral","FL"
"KO-F-V-9P",0.143615948362805,"KO-F","Ventral","FL"
"KO-F-V-10N",0.115252882749172,"KO-F","Ventral","HR"
"KO-F-V-10R",0.126041785591963,"KO-F","Ventral","HR"
"KO-F-V-11P",0.111085740381322,"KO-F","Ventral","HR"
"KO-F-V-13N",0.135689005594246,"KO-F","Ventral","HR"
"KO-F-V-14J",0.121817559082087,"KO-F","Ventral","HR"
"KO-F-V-14N",0.106062335883092,"KO-F","Ventral","HR"
"KO-F-V-15K",0.111085740381322,"KO-F","Ventral","HR"
"KO-F-V-17N",0.0904783651101724,"KO-F","Ventral","HR"
"KO-F-V-18P",0.120732960383605,"KO-F","Ventral","HR"
"KO-F-V-20213G",0.119534193401073,"KO-F","Ventral","HR"
"KO-F-V-20214E",0.100353921680557,"KO-F","Ventral","HR"
"KO-F-V-20219E",0.104235643338281,"KO-F","Ventral","HR"
"KO-F-V-2J",0.103436465349926,"KO-F","Ventral","HR"
"KO-F-V-2L",0.125984701449937,"KO-F","Ventral","HR"
"KO-F-V-2N",0.0944171709099212,"KO-F","Ventral","HR"
"KO-F-V-31J",0.113654526772463,"KO-F","Ventral","HR"
"KO-F-V-4H",0.121132549377783,"KO-F","Ventral","HR"
"KO-F-V-4J",0.0984701449937207,"KO-F","Ventral","HR"
"KO-F-V-6C",0.108402785706131,"KO-F","Ventral","HR"
"KO-F-V-6N",0.106519009019294,"KO-F","Ventral","HR"
"KO-F-V-7A",0.113140769494235,"KO-F","Ventral","HR"
"KO-F-V-7J",0.116737070441831,"KO-F","Ventral","HR"
"KO-F-V-7R",0.13135061080032,"KO-F","Ventral","HR"
"KO-F-V-8N",0.11159949765955,"KO-F","Ventral","HR"
"KO-F-V-9N",0.0890512615595388,"KO-F","Ventral","HR"
"KO-F-V-9P",0.103436465349926,"KO-F","Ventral","HR"
"KO-F-V-10N",0.124791438927565,"KO-F","Ventral","HL"
"KO-F-V-10R",0.121224325412807,"KO-F","Ventral","HL"
"KO-F-V-11P",0.11489557562856,"KO-F","Ventral","HL"
"KO-F-V-13N",0.128128416086531,"KO-F","Ventral","HL"
"KO-F-V-14J",0.118692825499108,"KO-F","Ventral","HL"
"KO-F-V-14N",0.112536677981704,"KO-F","Ventral","HL"
"KO-F-V-15K",0.115758586962775,"KO-F","Ventral","HL"
"KO-F-V-17N",0.0918244059605316,"KO-F","Ventral","HL"
"KO-F-V-18P",0.123122950348081,"KO-F","Ventral","HL"
"KO-F-V-20213G",0.128301018353374,"KO-F","Ventral","HL"
"KO-F-V-20214E",0.0921696104942178,"KO-F","Ventral","HL"
"KO-F-V-20219E",0.101490132903745,"KO-F","Ventral","HL"
"KO-F-V-2J",0.0918819400494793,"KO-F","Ventral","HL"
"KO-F-V-2L",0.135262643116046,"KO-F","Ventral","HL"
"KO-F-V-2N",0.0985558943674127,"KO-F","Ventral","HL"
"KO-F-V-31J",0.116448996030148,"KO-F","Ventral","HL"
"KO-F-V-4H",0.113975030205397,"KO-F","Ventral","HL"
"KO-F-V-4J",0.0841148380415396,"KO-F","Ventral","HL"
"KO-F-V-6C",0.112018871181175,"KO-F","Ventral","HL"
"KO-F-V-6N",0.099649042057419,"KO-F","Ventral","HL"
"KO-F-V-7A",0.108049019043783,"KO-F","Ventral","HL"
"KO-F-V-7J",0.12565445026178,"KO-F","Ventral","HL"
"KO-F-V-7R",0.139865370231862,"KO-F","Ventral","HL"
"KO-F-V-8N",0.107070939531673,"KO-F","Ventral","HL"
"KO-F-V-9N",0.087509349289454,"KO-F","Ventral","HL"
"KO-F-V-9P",0.106840803175882,"KO-F","Ventral","HL"
"KO-M-D-10M",0.194853963838665,"KO-M","Dorsal","FR"
"KO-M-D-11A",0.197705146036161,"KO-M","Dorsal","FR"
"KO-M-D-13F",0.222253129346314,"KO-M","Dorsal","FR"
"KO-M-D-13K",0.240333796940195,"KO-M","Dorsal","FR"
"KO-M-D-16J",0.195966620305981,"KO-M","Dorsal","FR"
"KO-M-D-18N",0.19346314325452,"KO-M","Dorsal","FR"
"KO-M-D-20219F",0.210083449235049,"KO-M","Dorsal","FR"
"KO-M-D-21P",0.219193324061196,"KO-M","Dorsal","FR"
"KO-M-D-2H",0.180458970792768,"KO-M","Dorsal","FR"
"KO-M-D-2V",0.237621696801113,"KO-M","Dorsal","FR"
"KO-M-D-3A",0.207301808066759,"KO-M","Dorsal","FR"
"KO-M-D-4A",0.2163421418637,"KO-M","Dorsal","FR"
"KO-M-D-5H",0.11432545201669,"KO-M","Dorsal","FR"
"KO-M-D-5M",0.250556328233658,"KO-M","Dorsal","FR"
"KO-M-D-6H",0.211613351877608,"KO-M","Dorsal","FR"
"KO-M-D-6Q",0.186787204450626,"KO-M","Dorsal","FR"
"KO-M-D-7H",0.145897079276773,"KO-M","Dorsal","FR"
"KO-M-D-8J",0.200625869262865,"KO-M","Dorsal","FR"
"KO-M-D-8P",0.205215577190542,"KO-M","Dorsal","FR"
"KO-M-D-8R",0.185326842837274,"KO-M","Dorsal","FR"
"KO-M-D-10M",0.203973689563979,"KO-M","Dorsal","FL"
"KO-M-D-11A",0.198684478198956,"KO-M","Dorsal","FL"
"KO-M-D-13F",0.213602766664406,"KO-M","Dorsal","FL"
"KO-M-D-13K",0.233471214484302,"KO-M","Dorsal","FL"
"KO-M-D-16J",0.187224520241405,"KO-M","Dorsal","FL"
"KO-M-D-18N",0.181596256865803,"KO-M","Dorsal","FL"
"KO-M-D-20219F",0.199430392622228,"KO-M","Dorsal","FL"
"KO-M-D-21P",0.209262900929003,"KO-M","Dorsal","FL"
"KO-M-D-2H",0.193598698040279,"KO-M","Dorsal","FL"
"KO-M-D-2V",0.224248999796569,"KO-M","Dorsal","FL"
"KO-M-D-3A",0.200515359056079,"KO-M","Dorsal","FL"
"KO-M-D-4A",0.212789041839018,"KO-M","Dorsal","FL"
"KO-M-D-5H",0.13968942835831,"KO-M","Dorsal","FL"
"KO-M-D-5M",0.243100291584729,"KO-M","Dorsal","FL"
"KO-M-D-6H",0.210483488167085,"KO-M","Dorsal","FL"
"KO-M-D-6Q",0.191903437987387,"KO-M","Dorsal","FL"
"KO-M-D-7H",0.135892045839832,"KO-M","Dorsal","FL"
"KO-M-D-8J",0.19610768291856,"KO-M","Dorsal","FL"
"KO-M-D-8P",0.191496575574693,"KO-M","Dorsal","FL"
"KO-M-D-8R",0.199226961415881,"KO-M","Dorsal","FL"
"KO-M-D-10M",0.112845827115142,"KO-M","Dorsal","HR"
"KO-M-D-11A",0.125703133968546,"KO-M","Dorsal","HR"
"KO-M-D-13F",0.12409597061187,"KO-M","Dorsal","HR"
"KO-M-D-13K",0.128171277694869,"KO-M","Dorsal","HR"
"KO-M-D-16J",0.126621513029503,"KO-M","Dorsal","HR"
"KO-M-D-18N",0.0946504419699231,"KO-M","Dorsal","HR"
"KO-M-D-20219F",0.12042245436804,"KO-M","Dorsal","HR"
"KO-M-D-21P",0.144587303409482,"KO-M","Dorsal","HR"
"KO-M-D-2H",0.13465732981288,"KO-M","Dorsal","HR"
"KO-M-D-2V",0.127080702559982,"KO-M","Dorsal","HR"
"KO-M-D-3A",0.110549879462748,"KO-M","Dorsal","HR"
"KO-M-D-4A",0.14171736884399,"KO-M","Dorsal","HR"
"KO-M-D-5H",0.100906899322695,"KO-M","Dorsal","HR"
"KO-M-D-5M",0.105785788084032,"KO-M","Dorsal","HR"
"KO-M-D-6H",0.137527264378372,"KO-M","Dorsal","HR"
"KO-M-D-6Q",0.11709333027207,"KO-M","Dorsal","HR"
"KO-M-D-7H",0.139421421191597,"KO-M","Dorsal","HR"
"KO-M-D-8J",0.123062794168293,"KO-M","Dorsal","HR"
"KO-M-D-8P",0.1487774078751,"KO-M","Dorsal","HR"
"KO-M-D-8R",0.12771208816439,"KO-M","Dorsal","HR"
"KO-M-D-10M",0.114327230456263,"KO-M","Dorsal","HL"
"KO-M-D-11A",0.125893635571055,"KO-M","Dorsal","HL"
"KO-M-D-13F",0.117872711421099,"KO-M","Dorsal","HL"
"KO-M-D-13K",0.118337692531241,"KO-M","Dorsal","HL"
"KO-M-D-16J",0.113571636152281,"KO-M","Dorsal","HL"
"KO-M-D-18N",0.0804417320546353,"KO-M","Dorsal","HL"
"KO-M-D-20219F",0.116652136006975,"KO-M","Dorsal","HL"
"KO-M-D-21P",0.13792502179599,"KO-M","Dorsal","HL"
"KO-M-D-2H",0.13025283347864,"KO-M","Dorsal","HL"
"KO-M-D-2V",0.123859343214182,"KO-M","Dorsal","HL"
"KO-M-D-3A",0.123626852659111,"KO-M","Dorsal","HL"
"KO-M-D-4A",0.138331880267364,"KO-M","Dorsal","HL"
"KO-M-D-5H",0.121127579192095,"KO-M","Dorsal","HL"
"KO-M-D-5M",0.114734088927637,"KO-M","Dorsal","HL"
"KO-M-D-6H",0.137227550130776,"KO-M","Dorsal","HL"
"KO-M-D-6Q",0.126591107236269,"KO-M","Dorsal","HL"
"KO-M-D-7H",0.133042720139494,"KO-M","Dorsal","HL"
"KO-M-D-8J",0.116303400174368,"KO-M","Dorsal","HL"
"KO-M-D-8P",0.134844521941296,"KO-M","Dorsal","HL"
"KO-M-D-8R",0.120662598081953,"KO-M","Dorsal","HL"
"KO-M-V-10M",0.188566438264141,"KO-M","Ventral","FR"
"KO-M-V-11A",0.154306059384657,"KO-M","Ventral","FR"
"KO-M-V-13F",0.190380223028349,"KO-M","Ventral","FR"
"KO-M-V-13K",0.176205830982131,"KO-M","Ventral","FR"
"KO-M-V-16J",0.198710197501008,"KO-M","Ventral","FR"
"KO-M-V-18N",0.185207577589682,"KO-M","Ventral","FR"
"KO-M-V-20219F",0.166599489453177,"KO-M","Ventral","FR"
"KO-M-V-21P",0.194948273545613,"KO-M","Ventral","FR"
"KO-M-V-2H",0.179228805589144,"KO-M","Ventral","FR"
"KO-M-V-2V",0.173451565229074,"KO-M","Ventral","FR"
"KO-M-V-3A",0.180102109364504,"KO-M","Ventral","FR"
"KO-M-V-4A",0.18285637511756,"KO-M","Ventral","FR"
"KO-M-V-5H",0.116686819830713,"KO-M","Ventral","FR"
"KO-M-V-5M",0.202337767029424,"KO-M","Ventral","FR"
"KO-M-V-6H",0.161897084508935,"KO-M","Ventral","FR"
"KO-M-V-6Q",0.178624210667742,"KO-M","Ventral","FR"
"KO-M-V-7H",0.155112185946527,"KO-M","Ventral","FR"
"KO-M-V-8J",0.182587666263603,"KO-M","Ventral","FR"
"KO-M-V-8P",0.151148730350665,"KO-M","Ventral","FR"
"KO-M-V-8R",0.16142684401451,"KO-M","Ventral","FR"
"KO-M-V-10M",0.162374773078733,"KO-M","Ventral","FL"
"KO-M-V-11A",0.1342029180394,"KO-M","Ventral","FL"
"KO-M-V-13F",0.161433470046393,"KO-M","Ventral","FL"
"KO-M-V-13K",0.146708801183352,"KO-M","Ventral","FL"
"KO-M-V-16J",0.1617696497008,"KO-M","Ventral","FL"
"KO-M-V-18N",0.164459086936059,"KO-M","Ventral","FL"
"KO-M-V-20219F",0.133328850937941,"KO-M","Ventral","FL"
"KO-M-V-21P",0.172056747125664,"KO-M","Ventral","FL"
"KO-M-V-2H",0.155651179990587,"KO-M","Ventral","FL"
"KO-M-V-2V",0.166139985208095,"KO-M","Ventral","FL"
"KO-M-V-3A",0.160761110737578,"KO-M","Ventral","FL"
"KO-M-V-4A",0.147381160492167,"KO-M","Ventral","FL"
"KO-M-V-5H",0.100248772944261,"KO-M","Ventral","FL"
"KO-M-V-5M",0.164459086936059,"KO-M","Ventral","FL"
"KO-M-V-6H",0.140455859611376,"KO-M","Ventral","FL"
"KO-M-V-6Q",0.160223223290526,"KO-M","Ventral","FL"
"KO-M-V-7H",0.125865662610099,"KO-M","Ventral","FL"
"KO-M-V-8J",0.159214684327305,"KO-M","Ventral","FL"
"KO-M-V-8P",0.126000134471862,"KO-M","Ventral","FL"
"KO-M-V-8R",0.141867814159887,"KO-M","Ventral","FL"
"KO-M-V-10M",0.102466034935495,"KO-M","Ventral","HR"
"KO-M-V-11A",0.104806484758534,"KO-M","Ventral","HR"
"KO-M-V-13F",0.0992693229820756,"KO-M","Ventral","HR"
"KO-M-V-13K",0.101895193515241,"KO-M","Ventral","HR"
"KO-M-V-16J",0.117650416714237,"KO-M","Ventral","HR"
"KO-M-V-18N",0.102066445941318,"KO-M","Ventral","HR"
"KO-M-V-20219F",0.0983559767096701,"KO-M","Ventral","HR"
"KO-M-V-21P",0.113939947482589,"KO-M","Ventral","HR"
"KO-M-V-2H",0.119648361685124,"KO-M","Ventral","HR"
"KO-M-V-2V",0.108231533280055,"KO-M","Ventral","HR"
"KO-M-V-3A",0.116737070441831,"KO-M","Ventral","HR"
"KO-M-V-4A",0.099668911976253,"KO-M","Ventral","HR"
"KO-M-V-5H",0.0820299120904213,"KO-M","Ventral","HR"
"KO-M-V-5M",0.101267267952963,"KO-M","Ventral","HR"
"KO-M-V-6H",0.119705445827149,"KO-M","Ventral","HR"
"KO-M-V-6Q",0.110172394108917,"KO-M","Ventral","HR"
"KO-M-V-7H",0.108174449138029,"KO-M","Ventral","HR"
"KO-M-V-8J",0.112912432926133,"KO-M","Ventral","HR"
"KO-M-V-8P",0.117079575293983,"KO-M","Ventral","HR"
"KO-M-V-8R",0.102066445941318,"KO-M","Ventral","HR"
"KO-M-V-10M",0.101547666992693,"KO-M","Ventral","HL"
"KO-M-V-11A",0.104481905529026,"KO-M","Ventral","HL"
"KO-M-V-13F",0.104942178240608,"KO-M","Ventral","HL"
"KO-M-V-13K",0.0977504171221449,"KO-M","Ventral","HL"
"KO-M-V-16J",0.107818882687993,"KO-M","Ventral","HL"
"KO-M-V-18N",0.090213451469996,"KO-M","Ventral","HL"
"KO-M-V-20219F",0.10361889419481,"KO-M","Ventral","HL"
"KO-M-V-21P",0.104251769173235,"KO-M","Ventral","HL"
"KO-M-V-2H",0.120821586790173,"KO-M","Ventral","HL"
"KO-M-V-2V",0.106438064553248,"KO-M","Ventral","HL"
"KO-M-V-3A",0.10413670099534,"KO-M","Ventral","HL"
"KO-M-V-4A",0.101087394281112,"KO-M","Ventral","HL"
"KO-M-V-5H",0.0995339738795236,"KO-M","Ventral","HL"
"KO-M-V-5M",0.0781888268799264,"KO-M","Ventral","HL"
"KO-M-V-6H",0.118290086876474,"KO-M","Ventral","HL"
"KO-M-V-6Q",0.113514757493815,"KO-M","Ventral","HL"
"KO-M-V-7H",0.109602439445371,"KO-M","Ventral","HL"
"KO-M-V-8J",0.101950405615327,"KO-M","Ventral","HL"
"KO-M-V-8P",0.104251769173235,"KO-M","Ventral","HL"
"KO-M-V-8R",0.113169552960129,"KO-M","Ventral","HL"
"ND-F-D-10G",0.187134909596662,"ND-F","Dorsal","FR"
"ND-F-D-12R",0.200834492350487,"ND-F","Dorsal","FR"
"ND-F-D-16O",0.157232267037552,"ND-F","Dorsal","FR"
"ND-F-D-17R",0.173226703755216,"ND-F","Dorsal","FR"
"ND-F-D-1Q",0.188317107093185,"ND-F","Dorsal","FR"
"ND-F-D-20213E",0.220931849791377,"ND-F","Dorsal","FR"
"ND-F-D-20A",0.189777468706537,"ND-F","Dorsal","FR"
"ND-F-D-22J",0.231015299026426,"ND-F","Dorsal","FR"
"ND-F-D-23A",0.166689847009736,"ND-F","Dorsal","FR"
"ND-F-D-28J",0.194993045897079,"ND-F","Dorsal","FR"
"ND-F-D-29A",0.166203059805285,"ND-F","Dorsal","FR"
"ND-F-D-2O",0.203129346314325,"ND-F","Dorsal","FR"
"ND-F-D-30A",0.192280945757997,"ND-F","Dorsal","FR"
"ND-F-D-3Q",0.181849791376912,"ND-F","Dorsal","FR"
"ND-F-D-4P",0.187204450625869,"ND-F","Dorsal","FR"
"ND-F-D-4Q",0.21808066759388,"ND-F","Dorsal","FR"
"ND-F-D-5A",0.137830319888734,"ND-F","Dorsal","FR"
"ND-F-D-5Q",0.183449235048679,"ND-F","Dorsal","FR"
"ND-F-D-6G",0.165368567454798,"ND-F","Dorsal","FR"
"ND-F-D-6M",0.190264255910987,"ND-F","Dorsal","FR"
"ND-F-D-6O",0.201947148817803,"ND-F","Dorsal","FR"
"ND-F-D-7G",0.153685674547983,"ND-F","Dorsal","FR"
"ND-F-D-8G",0.191307371349096,"ND-F","Dorsal","FR"
"ND-F-D-10G",0.194751474876246,"ND-F","Dorsal","FL"
"ND-F-D-12R",0.193937750050858,"ND-F","Dorsal","FL"
"ND-F-D-16O",0.171831558961145,"ND-F","Dorsal","FL"
"ND-F-D-17R",0.178205736760019,"ND-F","Dorsal","FL"
"ND-F-D-1Q",0.186885468230827,"ND-F","Dorsal","FL"
"ND-F-D-20213E",0.228249813521394,"ND-F","Dorsal","FL"
"ND-F-D-20A",0.187767003458331,"ND-F","Dorsal","FL"
"ND-F-D-22J",0.212585610632671,"ND-F","Dorsal","FL"
"ND-F-D-23A",0.151691869532786,"ND-F","Dorsal","FL"
"ND-F-D-28J",0.191767817183156,"ND-F","Dorsal","FL"
"ND-F-D-29A",0.154743337627992,"ND-F","Dorsal","FL"
"ND-F-D-2O",0.195226147691056,"ND-F","Dorsal","FL"
"ND-F-D-30A",0.184037431341968,"ND-F","Dorsal","FL"
"ND-F-D-3Q",0.181867498474266,"ND-F","Dorsal","FL"
"ND-F-D-4P",0.189869125923917,"ND-F","Dorsal","FL"
"ND-F-D-4Q",0.20756764087611,"ND-F","Dorsal","FL"
"ND-F-D-5A",0.144503966908524,"ND-F","Dorsal","FL"
"ND-F-D-5Q",0.185190208177934,"ND-F","Dorsal","FL"
"ND-F-D-6G",0.173730250220384,"ND-F","Dorsal","FL"
"ND-F-D-6M",0.19122533396623,"ND-F","Dorsal","FL"
"ND-F-D-6O",0.20207499830474,"ND-F","Dorsal","FL"
"ND-F-D-7G",0.154065233606835,"ND-F","Dorsal","FL"
"ND-F-D-8G",0.193734318844511,"ND-F","Dorsal","FL"
"ND-F-D-10G",0.123005395476983,"ND-F","Dorsal","HR"
"ND-F-D-12R",0.113821604867409,"ND-F","Dorsal","HR"
"ND-F-D-16O",0.128113879003559,"ND-F","Dorsal","HR"
"ND-F-D-17R",0.118126506715647,"ND-F","Dorsal","HR"
"ND-F-D-1Q",0.122087016416026,"ND-F","Dorsal","HR"
"ND-F-D-20213E",0.126162323499024,"ND-F","Dorsal","HR"
"ND-F-D-20A",0.119733670072322,"ND-F","Dorsal","HR"
"ND-F-D-22J",0.10986109516703,"ND-F","Dorsal","HR"
"ND-F-D-23A",0.130696820112501,"ND-F","Dorsal","HR"
"ND-F-D-28J",0.124440362759729,"ND-F","Dorsal","HR"
"ND-F-D-29A",0.120939042589829,"ND-F","Dorsal","HR"
"ND-F-D-2O",0.109057513488692,"ND-F","Dorsal","HR"
"ND-F-D-30A",0.130696820112501,"ND-F","Dorsal","HR"
"ND-F-D-3Q",0.116461944667662,"ND-F","Dorsal","HR"
"ND-F-D-4P",0.104637814257835,"ND-F","Dorsal","HR"
"ND-F-D-4Q",0.132361382160487,"ND-F","Dorsal","HR"
"ND-F-D-5A",0.130180231890713,"ND-F","Dorsal","HR"
"ND-F-D-5Q",0.132189186086557,"ND-F","Dorsal","HR"
"ND-F-D-6G",0.109401905636551,"ND-F","Dorsal","HR"
"ND-F-D-6M",0.105154402479623,"ND-F","Dorsal","HR"
"ND-F-D-6O",0.113018023189071,"ND-F","Dorsal","HR"
"ND-F-D-7G",0.125186545746757,"ND-F","Dorsal","HR"
"ND-F-D-8G",0.107622546205947,"ND-F","Dorsal","HR"
"ND-F-D-10G",0.130194710839872,"ND-F","Dorsal","HL"
"ND-F-D-12R",0.121418192385934,"ND-F","Dorsal","HL"
"ND-F-D-16O",0.126649229875036,"ND-F","Dorsal","HL"
"ND-F-D-17R",0.113920371984888,"ND-F","Dorsal","HL"
"ND-F-D-1Q",0.116884626562046,"ND-F","Dorsal","HL"
"ND-F-D-20213E",0.12734670154025,"ND-F","Dorsal","HL"
"ND-F-D-20A",0.119965126416739,"ND-F","Dorsal","HL"
"ND-F-D-22J",0.115373437954083,"ND-F","Dorsal","HL"
"ND-F-D-23A",0.13077593722755,"ND-F","Dorsal","HL"
"ND-F-D-28J",0.13263586166812,"ND-F","Dorsal","HL"
"ND-F-D-29A",0.119848881139204,"ND-F","Dorsal","HL"
"ND-F-D-2O",0.119209532112758,"ND-F","Dorsal","HL"
"ND-F-D-30A",0.12972972972973,"ND-F","Dorsal","HL"
"ND-F-D-3Q",0.113920371984888,"ND-F","Dorsal","HL"
"ND-F-D-4P",0.100029061319384,"ND-F","Dorsal","HL"
"ND-F-D-4Q",0.128451031676838,"ND-F","Dorsal","HL"
"ND-F-D-5A",0.130310956117408,"ND-F","Dorsal","HL"
"ND-F-D-5Q",0.139319965126417,"ND-F","Dorsal","HL"
"ND-F-D-6G",0.105725079918628,"ND-F","Dorsal","HL"
"ND-F-D-6M",0.104330136588201,"ND-F","Dorsal","HL"
"ND-F-D-6O",0.105260098808486,"ND-F","Dorsal","HL"
"ND-F-D-7G",0.129845975007265,"ND-F","Dorsal","HL"
"ND-F-D-8G",0.107468759081662,"ND-F","Dorsal","HL"
"ND-F-V-10G",0.127099287921537,"ND-F","Ventral","FR"
"ND-F-V-12R",0.177683729678893,"ND-F","Ventral","FR"
"ND-F-V-16O",0.148931882305522,"ND-F","Ventral","FR"
"ND-F-V-17R",0.145976084911998,"ND-F","Ventral","FR"
"ND-F-V-1Q",0.125621389224775,"ND-F","Ventral","FR"
"ND-F-V-20213E",0.185274754803171,"ND-F","Ventral","FR"
"ND-F-V-20A",0.177213489184469,"ND-F","Ventral","FR"
"ND-F-V-22J",0.201934703748489,"ND-F","Ventral","FR"
"ND-F-V-23A",0.130794034663442,"ND-F","Ventral","FR"
"ND-F-V-28J",0.157060325137713,"ND-F","Ventral","FR"
"ND-F-V-29A",0.125083971516861,"ND-F","Ventral","FR"
"ND-F-V-2O",0.115611984414886,"ND-F","Ventral","FR"
"ND-F-V-30A",0.149402122799946,"ND-F","Ventral","FR"
"ND-F-V-3Q",0.143221819158941,"ND-F","Ventral","FR"
"ND-F-V-4P",0.151014375923687,"ND-F","Ventral","FR"
"ND-F-V-4Q",0.198105602579605,"ND-F","Ventral","FR"
"ND-F-V-5A",0.137377401585382,"ND-F","Ventral","FR"
"ND-F-V-5Q",0.158874109901921,"ND-F","Ventral","FR"
"ND-F-V-6G",0.139392717990058,"ND-F","Ventral","FR"
"ND-F-V-6M",0.166801021093645,"ND-F","Ventral","FR"
"ND-F-V-6O",0.200792691119172,"ND-F","Ventral","FR"
"ND-F-V-7G",0.130390971382507,"ND-F","Ventral","FR"
"ND-F-V-8G",0.184132742173855,"ND-F","Ventral","FR"
"ND-F-V-10G",0.106905130101526,"ND-F","Ventral","FL"
"ND-F-V-12R",0.146372621528945,"ND-F","Ventral","FL"
"ND-F-V-16O",0.124050292476299,"ND-F","Ventral","FL"
"ND-F-V-17R",0.13554763665703,"ND-F","Ventral","FL"
"ND-F-V-1Q",0.101593491561891,"ND-F","Ventral","FL"
"ND-F-V-20213E",0.164795266590466,"ND-F","Ventral","FL"
"ND-F-V-20A",0.142741881261346,"ND-F","Ventral","FL"
"ND-F-V-22J",0.177502857527062,"ND-F","Ventral","FL"
"ND-F-V-23A",0.112620184226451,"ND-F","Ventral","FL"
"ND-F-V-28J",0.147851812008337,"ND-F","Ventral","FL"
"ND-F-V-29A",0.121293619310159,"ND-F","Ventral","FL"
"ND-F-V-2O",0.0956767296443219,"ND-F","Ventral","FL"
"ND-F-V-30A",0.13326161500706,"ND-F","Ventral","FL"
"ND-F-V-3Q",0.12270557385867,"ND-F","Ventral","FL"
"ND-F-V-4P",0.123781348752773,"ND-F","Ventral","FL"
"ND-F-V-4Q",0.173334229812412,"ND-F","Ventral","FL"
"ND-F-V-5A",0.116990519733746,"ND-F","Ventral","FL"
"ND-F-V-5Q",0.13003429032475,"ND-F","Ventral","FL"
"ND-F-V-6G",0.108048140926511,"ND-F","Ventral","FL"
"ND-F-V-6M",0.137631950514355,"ND-F","Ventral","FL"
"ND-F-V-6O",0.171922275263901,"ND-F","Ventral","FL"
"ND-F-V-7G",0.108249848719156,"ND-F","Ventral","FL"
"ND-F-V-8G",0.159954279567001,"ND-F","Ventral","FL"
"ND-F-V-10G",0.116622902157781,"ND-F","Ventral","HR"
"ND-F-V-12R",0.0943600867678959,"ND-F","Ventral","HR"
"ND-F-V-16O",0.131236442516269,"ND-F","Ventral","HR"
"ND-F-V-17R",0.113254937778285,"ND-F","Ventral","HR"
"ND-F-V-1Q",0.12569928073981,"ND-F","Ventral","HR"
"ND-F-V-20213E",0.127468889142596,"ND-F","Ventral","HR"
"ND-F-V-20A",0.114682041328919,"ND-F","Ventral","HR"
"ND-F-V-22J",0.111827834227652,"ND-F","Ventral","HR"
"ND-F-V-23A",0.10669026144537,"ND-F","Ventral","HR"
"ND-F-V-28J",0.117821669140313,"ND-F","Ventral","HR"
"ND-F-V-29A",0.10828861742208,"ND-F","Ventral","HR"
"ND-F-V-2O",0.0882520835711839,"ND-F","Ventral","HR"
"ND-F-V-30A",0.10669026144537,"ND-F","Ventral","HR"
"ND-F-V-3Q",0.0971001255851125,"ND-F","Ventral","HR"
"ND-F-V-4P",0.101723941089165,"ND-F","Ventral","HR"
"ND-F-V-4Q",0.116337481447654,"ND-F","Ventral","HR"
"ND-F-V-5A",0.111142824523347,"ND-F","Ventral","HR"
"ND-F-V-5Q",0.117422080146135,"ND-F","Ventral","HR"
"ND-F-V-6G",0.0969859573010618,"ND-F","Ventral","HR"
"ND-F-V-6M",0.116622902157781,"ND-F","Ventral","HR"
"ND-F-V-6O",0.102066445941318,"ND-F","Ventral","HR"
"ND-F-V-7G",0.110800319671195,"ND-F","Ventral","HR"
"ND-F-V-8G",0.100582258248659,"ND-F","Ventral","HR"
"ND-F-V-10G",0.124388700304931,"ND-F","Ventral","HL"
"ND-F-V-12R",0.0984408261895173,"ND-F","Ventral","HL"
"ND-F-V-16O",0.130429779644439,"ND-F","Ventral","HL"
"ND-F-V-17R",0.107588746332202,"ND-F","Ventral","HL"
"ND-F-V-1Q",0.123870893504401,"ND-F","Ventral","HL"
"ND-F-V-20213E",0.130027041021805,"ND-F","Ventral","HL"
"ND-F-V-20A",0.119210632299638,"ND-F","Ventral","HL"
"ND-F-V-22J",0.106840803175882,"ND-F","Ventral","HL"
"ND-F-V-23A",0.112306541625913,"ND-F","Ventral","HL"
"ND-F-V-28J",0.119268166388585,"ND-F","Ventral","HL"
"ND-F-V-29A",0.116506530119096,"ND-F","Ventral","HL"
"ND-F-V-2O",0.107358609976411,"ND-F","Ventral","HL"
"ND-F-V-30A",0.110753121224325,"ND-F","Ventral","HL"
"ND-F-V-3Q",0.100051780680053,"ND-F","Ventral","HL"
"ND-F-V-4P",0.0912490650710546,"ND-F","Ventral","HL"
"ND-F-V-4Q",0.123238018525977,"ND-F","Ventral","HL"
"ND-F-V-5A",0.112939416604338,"ND-F","Ventral","HL"
"ND-F-V-5Q",0.12214487083597,"ND-F","Ventral","HL"
"ND-F-V-6G",0.0974627466774064,"ND-F","Ventral","HL"
"ND-F-V-6M",0.117714745986997,"ND-F","Ventral","HL"
"ND-F-V-6O",0.0989586329900466,"ND-F","Ventral","HL"
"ND-F-V-7G",0.116794200563834,"ND-F","Ventral","HL"
"ND-F-V-8G",0.107070939531673,"ND-F","Ventral","HL"
"ND-M-D-10K",0.234770514603616,"ND-M","Dorsal","FR"
"ND-M-D-12N",0.218358831710709,"ND-M","Dorsal","FR"
"ND-M-D-14K",0.20452016689847,"ND-M","Dorsal","FR"
"ND-M-D-16F",0.176356050069541,"ND-M","Dorsal","FR"
"ND-M-D-17O",0.200625869262865,"ND-M","Dorsal","FR"
"ND-M-D-19J",0.198261474269819,"ND-M","Dorsal","FR"
"ND-M-D-19P",0.209388038942976,"ND-M","Dorsal","FR"
"ND-M-D-1A",0.199860917941586,"ND-M","Dorsal","FR"
"ND-M-D-1J",0.176147426981919,"ND-M","Dorsal","FR"
"ND-M-D-1P",0.194575799721836,"ND-M","Dorsal","FR"
"ND-M-D-20211F",0.199721835883171,"ND-M","Dorsal","FR"
"ND-M-D-23J",0.228511821974965,"ND-M","Dorsal","FR"
"ND-M-D-26J",0.224339360222531,"ND-M","Dorsal","FR"
"ND-M-D-2A",0.214534075104312,"ND-M","Dorsal","FR"
"ND-M-D-4G",0.204172461752434,"ND-M","Dorsal","FR"
"ND-M-D-5V",0.198331015299026,"ND-M","Dorsal","FR"
"ND-M-D-6T",0.228025034770515,"ND-M","Dorsal","FR"
"ND-M-D-8O",0.250208623087622,"ND-M","Dorsal","FR"
"ND-M-D-9O",0.202155771905424,"ND-M","Dorsal","FR"
"ND-M-D-10K",0.250288194208992,"ND-M","Dorsal","FL"
"ND-M-D-12N",0.210415677764969,"ND-M","Dorsal","FL"
"ND-M-D-14K",0.19468366447413,"ND-M","Dorsal","FL"
"ND-M-D-16F",0.171356886146335,"ND-M","Dorsal","FL"
"ND-M-D-17O",0.198820099003187,"ND-M","Dorsal","FL"
"ND-M-D-19J",0.191089713161999,"ND-M","Dorsal","FL"
"ND-M-D-19P",0.210212246558622,"ND-M","Dorsal","FL"
"ND-M-D-1A",0.185122397775819,"ND-M","Dorsal","FL"
"ND-M-D-1J",0.174476164643656,"ND-M","Dorsal","FL"
"ND-M-D-1P",0.206211432833797,"ND-M","Dorsal","FL"
"ND-M-D-20211F",0.194208991659321,"ND-M","Dorsal","FL"
"ND-M-D-23J",0.234217128907574,"ND-M","Dorsal","FL"
"ND-M-D-26J",0.223638706177528,"ND-M","Dorsal","FL"
"ND-M-D-2A",0.209262900929003,"ND-M","Dorsal","FL"
"ND-M-D-4G",0.196921407743948,"ND-M","Dorsal","FL"
"ND-M-D-5V",0.19468366447413,"ND-M","Dorsal","FL"
"ND-M-D-6T",0.23726859700278,"ND-M","Dorsal","FL"
"ND-M-D-8O",0.244931172441853,"ND-M","Dorsal","FL"
"ND-M-D-9O",0.203092154336475,"ND-M","Dorsal","FL"
"ND-M-D-10K",0.146079669383538,"ND-M","Dorsal","HR"
"ND-M-D-12N",0.140282401561244,"ND-M","Dorsal","HR"
"ND-M-D-14K",0.132074388703938,"ND-M","Dorsal","HR"
"ND-M-D-16F",0.120250258294111,"ND-M","Dorsal","HR"
"ND-M-D-17O",0.123005395476983,"ND-M","Dorsal","HR"
"ND-M-D-19J",0.125530937894616,"ND-M","Dorsal","HR"
"ND-M-D-19P",0.138617839513259,"ND-M","Dorsal","HR"
"ND-M-D-1A",0.128515669842728,"ND-M","Dorsal","HR"
"ND-M-D-1J",0.140110205487315,"ND-M","Dorsal","HR"
"ND-M-D-1P",0.144300309952933,"ND-M","Dorsal","HR"
"ND-M-D-20211F",0.149982780392607,"ND-M","Dorsal","HR"
"ND-M-D-23J",0.135460911491218,"ND-M","Dorsal","HR"
"ND-M-D-26J",0.146194466766158,"ND-M","Dorsal","HR"
"ND-M-D-2A",0.120135460911491,"ND-M","Dorsal","HR"
"ND-M-D-4G",0.125071748364137,"ND-M","Dorsal","HR"
"ND-M-D-5V",0.131787395247388,"ND-M","Dorsal","HR"
"ND-M-D-6T",0.129204454138446,"ND-M","Dorsal","HR"
"ND-M-D-8O",0.143094937435426,"ND-M","Dorsal","HR"
"ND-M-D-9O",0.136666284008725,"ND-M","Dorsal","HR"
"ND-M-D-10K",0.14582970066841,"ND-M","Dorsal","HL"
"ND-M-D-12N",0.131531531531532,"ND-M","Dorsal","HL"
"ND-M-D-14K",0.130834059866318,"ND-M","Dorsal","HL"
"ND-M-D-16F",0.126416739319965,"ND-M","Dorsal","HL"
"ND-M-D-17O",0.119267654751526,"ND-M","Dorsal","HL"
"ND-M-D-19J",0.126997965707643,"ND-M","Dorsal","HL"
"ND-M-D-19P",0.141238012205754,"ND-M","Dorsal","HL"
"ND-M-D-1A",0.134263295553618,"ND-M","Dorsal","HL"
"ND-M-D-1J",0.13129904097646,"ND-M","Dorsal","HL"
"ND-M-D-1P",0.131240918337693,"ND-M","Dorsal","HL"
"ND-M-D-20211F",0.150712002324906,"ND-M","Dorsal","HL"
"ND-M-D-23J",0.139319965126417,"ND-M","Dorsal","HL"
"ND-M-D-26J",0.143795408311537,"ND-M","Dorsal","HL"
"ND-M-D-2A",0.120430107526882,"ND-M","Dorsal","HL"
"ND-M-D-4G",0.121476315024702,"ND-M","Dorsal","HL"
"ND-M-D-5V",0.125951758209823,"ND-M","Dorsal","HL"
"ND-M-D-6T",0.120953211275792,"ND-M","Dorsal","HL"
"ND-M-D-8O",0.134612031386225,"ND-M","Dorsal","HL"
"ND-M-D-9O",0.141412380122058,"ND-M","Dorsal","HL"
"ND-M-V-10K",0.212414349052801,"ND-M","Ventral","FR"
"ND-M-V-12N",0.189574096466479,"ND-M","Ventral","FR"
"ND-M-V-14K",0.178288324600296,"ND-M","Ventral","FR"
"ND-M-V-16F",0.128375654977832,"ND-M","Ventral","FR"
"ND-M-V-17O",0.156791616283757,"ND-M","Ventral","FR"
"ND-M-V-19J",0.189775628106946,"ND-M","Ventral","FR"
"ND-M-V-19P",0.191387881230687,"ND-M","Ventral","FR"
"ND-M-V-1A",0.169958350127637,"ND-M","Ventral","FR"
"ND-M-V-1J",0.111782883246003,"ND-M","Ventral","FR"
"ND-M-V-1P",0.178691387881231,"ND-M","Ventral","FR"
"ND-M-V-20211F",0.169891172914148,"ND-M","Ventral","FR"
"ND-M-V-23J",0.207846298535537,"ND-M","Ventral","FR"
"ND-M-V-26J",0.207241703614134,"ND-M","Ventral","FR"
"ND-M-V-2A",0.196090286174929,"ND-M","Ventral","FR"
"ND-M-V-4G",0.179027273948677,"ND-M","Ventral","FR"
"ND-M-V-5V",0.157799274486094,"ND-M","Ventral","FR"
"ND-M-V-6T",0.187424425634825,"ND-M","Ventral","FR"
"ND-M-V-8O",0.20018809619777,"ND-M","Ventral","FR"
"ND-M-V-9O",0.162501679430337,"ND-M","Ventral","FR"
"ND-M-V-10K",0.180931890002017,"ND-M","Ventral","FL"
"ND-M-V-12N",0.158676796880253,"ND-M","Ventral","FL"
"ND-M-V-14K",0.144557251395146,"ND-M","Ventral","FL"
"ND-M-V-16F",0.115175149599946,"ND-M","Ventral","FL"
"ND-M-V-17O",0.13648893968937,"ND-M","Ventral","FL"
"ND-M-V-19J",0.159685335843475,"ND-M","Ventral","FL"
"ND-M-V-19P",0.164122907281651,"ND-M","Ventral","FL"
"ND-M-V-1A",0.134270153970282,"ND-M","Ventral","FL"
"ND-M-V-1J",0.0999798292207356,"ND-M","Ventral","FL"
"ND-M-V-1P",0.150137833658307,"ND-M","Ventral","FL"
"ND-M-V-20211F",0.137564714583473,"ND-M","Ventral","FL"
"ND-M-V-23J",0.168426006858065,"ND-M","Ventral","FL"
"ND-M-V-26J",0.174947892153567,"ND-M","Ventral","FL"
"ND-M-V-2A",0.169837961406576,"ND-M","Ventral","FL"
"ND-M-V-4G",0.142203993814294,"ND-M","Ventral","FL"
"ND-M-V-5V",0.134808041417333,"ND-M","Ventral","FL"
"ND-M-V-6T",0.174880656222685,"ND-M","Ventral","FL"
"ND-M-V-8O",0.176897734149129,"ND-M","Ventral","FL"
"ND-M-V-9O",0.152760034962684,"ND-M","Ventral","FL"
"ND-M-V-10K",0.111542413517525,"ND-M","Ventral","HR"
"ND-M-V-12N",0.108402785706131,"ND-M","Ventral","HR"
"ND-M-V-14K",0.119990866537276,"ND-M","Ventral","HR"
"ND-M-V-16F",0.115538303459299,"ND-M","Ventral","HR"
"ND-M-V-17O",0.0986984815618221,"ND-M","Ventral","HR"
"ND-M-V-19J",0.114853293754995,"ND-M","Ventral","HR"
"ND-M-V-19P",0.108231533280055,"ND-M","Ventral","HR"
"ND-M-V-1A",0.107546523575751,"ND-M","Ventral","HR"
"ND-M-V-1J",0.108003196711953,"ND-M","Ventral","HR"
"ND-M-V-1P",0.110172394108917,"ND-M","Ventral","HR"
"ND-M-V-20211F",0.126669711154241,"ND-M","Ventral","HR"
"ND-M-V-23J",0.129409749971458,"ND-M","Ventral","HR"
"ND-M-V-26J",0.1198196141112,"ND-M","Ventral","HR"
"ND-M-V-2A",0.0931042356433383,"ND-M","Ventral","HR"
"ND-M-V-4G",0.108402785706131,"ND-M","Ventral","HR"
"ND-M-V-5V",0.102180614225368,"ND-M","Ventral","HR"
"ND-M-V-6T",0.110857403813221,"ND-M","Ventral","HR"
"ND-M-V-8O",0.098013471857518,"ND-M","Ventral","HR"
"ND-M-V-9O",0.111428245233474,"ND-M","Ventral","HR"
"ND-M-V-10K",0.110580518957482,"ND-M","Ventral","HL"
"ND-M-V-12N",0.108221621310627,"ND-M","Ventral","HL"
"ND-M-V-14K",0.11414763247224,"ND-M","Ventral","HL"
"ND-M-V-16F",0.106898337264829,"ND-M","Ventral","HL"
"ND-M-V-17O",0.103043553305333,"ND-M","Ventral","HL"
"ND-M-V-19J",0.120303779989644,"ND-M","Ventral","HL"
"ND-M-V-19P",0.0986709625453081,"ND-M","Ventral","HL"
"ND-M-V-1A",0.107301075887463,"ND-M","Ventral","HL"
"ND-M-V-1J",0.110062712156953,"ND-M","Ventral","HL"
"ND-M-V-1P",0.118002416431736,"ND-M","Ventral","HL"
"ND-M-V-20211F",0.114377768828031,"ND-M","Ventral","HL"
"ND-M-V-23J",0.121511995857546,"ND-M","Ventral","HL"
"ND-M-V-26J",0.121857200391232,"ND-M","Ventral","HL"
"ND-M-V-2A",0.0893504401357804,"ND-M","Ventral","HL"
"ND-M-V-4G",0.107818882687993,"ND-M","Ventral","HL"
"ND-M-V-5V",0.0988435648121512,"ND-M","Ventral","HL"
"ND-M-V-6T",0.10989010989011,"ND-M","Ventral","HL"
"ND-M-V-8O",0.111616132558541,"ND-M","Ventral","HL"
"ND-M-V-9O",0.110983257580116,"ND-M","Ventral","HL"
